"Adresse","Type de contenu","Taille (octets)","Liens entrants IMG","Indexabilité","Statut d'indexabilité","Dimensions"
"https://www.quick.fr/_next/static/images/icon-account-white-ee0a828870f91047b0c77aca16155705.svg","image/svg+xml","321","443","Indexable","",""
"https://www.quick.fr/_next/static/images/burger-b00098380e9c31597daf3162b16920ba.svg","image/svg+xml","169","443","Indexable","",""
"https://www.quick.fr/_next/static/images/icon-map-white-8379f6ac3a127d3e00446473084fabff.svg","image/svg+xml","335","443","Indexable","",""
"https://www.quick.fr/_next/static/images/menu-icon-restaurant-2334f6fc667be3877f50dae0e377b6bf.png","image/png","1030","222","Indexable","",""
"https://www.quick.fr/_next/static/images/menu-icon-compte-c1264660cc1ba735fb19eb82f1a6364c.png","image/png","310","222","Indexable","",""
"https://www.quick.fr/_next/static/images/checkbox-unchecked-desktop-0d5c7c11054db3eaa5ddbba43193ac07.svg","image/svg+xml","154","2","Indexable","",""
"https://www.quick.fr/mealImages/categories/enCeMoment.webp","image/webp","202080","1","Indexable","",""
"https://www.quick.fr/mealImages/categories/28.webp","image/webp","535412","1","Indexable","",""
"https://www.quick.fr/mealImages/categories/27.webp","image/webp","31236","1","Indexable","",""
"https://www.quick.fr/mealImages/categories/35.webp","image/webp","30264","1","Indexable","",""
"https://www.quick.fr/_next/static/images/evaluateCustomerExperience-9f4437cd5972f46821ded6c6323a829f.jpg","image/jpeg","23207","1","Indexable","",""
"https://www.quick.fr/mealImages/categories/30.webp","image/webp","50586","1","Indexable","",""
"https://www.quick.fr/mealImages/categories/36.webp","image/webp","24206","1","Indexable","",""
"https://www.quick.fr/mealImages/categories/37.webp","image/webp","46710","1","Indexable","",""
"https://www.quick.fr/mealImages/categories/32.webp","image/webp","44800","1","Indexable","",""
"https://www.quick.fr/mealImages/categories/menus-enfants.webp","image/webp","38776","1","Indexable","",""
"https://www.quick.fr/mealImages/categories/menu.webp","image/webp","167880","1","Indexable","",""
"https://www.quick.fr/mealImages/categories/29.webp","image/webp","33080","1","Indexable","",""
"https://www.quick.fr/mealImages/menus/list/menu_605.jpg","image/jpeg","12892","1","Indexable","",""
"https://www.quick.fr/mealImages/menus/list/menu_606.jpg","image/jpeg","9047","1","Indexable","",""
"https://www.quick.fr/mealImages/products/list/product_785.jpg","image/jpeg","9878","1","Indexable","",""
"https://www.quick.fr/mealImages/products/list/product_786.jpg","image/jpeg","5514","1","Indexable","",""
"https://www.quick.fr/mealImages/products/list/product_856.jpg","image/jpeg","8880","1","Indexable","",""
"https://www.quick.fr/mealImages/products/list/product_1149.jpg","image/jpeg","11431","1","Indexable","",""
"https://www.quick.fr/mealImages/products/list/product_860.jpg","image/jpeg","11758","1","Indexable","",""
"https://www.quick.fr/mealImages/products/list/product_855.jpg","image/jpeg","6904","1","Indexable","",""
"https://www.quick.fr/mealImages/products/list/product_859.jpg","image/jpeg","8994","1","Indexable","",""
"https://www.quick.fr/mealImages/products/list/product_759.jpg","image/jpeg","8354","1","Indexable","",""
"https://www.quick.fr/mealImages/products/list/product_764.jpg","image/jpeg","14816","1","Indexable","",""
"https://www.quick.fr/mealImages/products/list/product_756.jpg","image/jpeg","12918","1","Indexable","",""
"https://www.quick.fr/mealImages/products/list/product_757.jpg","image/jpeg","12914","1","Indexable","",""
"https://www.quick.fr/mealImages/products/list/product_758.jpg","image/jpeg","12914","1","Indexable","",""
"https://www.quick.fr/mealImages/products/list/product_762.jpg","image/jpeg","13006","1","Indexable","",""
"https://www.quick.fr/mealImages/products/list/product_763.jpg","image/jpeg","13207","1","Indexable","",""
"https://www.quick.fr/mealImages/products/list/product_761.jpg","image/jpeg","14606","1","Indexable","",""
"https://www.quick.fr/mealImages/products/list/product_760.jpg","image/jpeg","12665","1","Indexable","",""
"https://www.quick.fr/mealImages/products/list/product_1066.jpg","image/jpeg","13500","1","Indexable","",""
"https://www.quick.fr/mealImages/products/list/product_782.jpg","image/jpeg","9798","1","Indexable","",""
"https://www.quick.fr/mealImages/products/list/product_1063.jpg","image/jpeg","13344","1","Indexable","",""
"https://www.quick.fr/mealImages/products/list/product_906.jpg","image/jpeg","7118","1","Indexable","",""
"https://www.quick.fr/mealImages/products/list/product_783.jpg","image/jpeg","10526","1","Indexable","",""
"https://www.quick.fr/mealImages/menus/list/menu_589.jpg","image/jpeg","15224","1","Indexable","",""
"https://www.quick.fr/mealImages/products/list/product_1088.jpg","image/jpeg","12293","1","Indexable","",""
"https://www.quick.fr/mealImages/menus/list/menu_593.jpg","image/jpeg","15953","1","Indexable","",""
"https://www.quick.fr/mealImages/menus/list/menu_550.jpg","image/jpeg","17600","1","Indexable","",""
"https://www.quick.fr/mealImages/menus/list/menu_944.jpg","image/jpeg","17135","1","Indexable","",""
"https://www.quick.fr/mealImages/menus/list/menu_771.jpg","image/jpeg","9817","1","Indexable","",""
"https://www.quick.fr/mealImages/menus/list/menu_983.jpg","image/jpeg","25645","1","Indexable","",""
"https://www.quick.fr/mealImages/menus/list/menu_940.jpg","image/jpeg","17819","1","Indexable","",""
"https://www.quick.fr/mealImages/menus/list/menu_577.jpg","image/jpeg","13659","1","Indexable","",""
"https://www.quick.fr/mealImages/menus/list/menu_957.jpg","image/jpeg","16054","1","Indexable","",""
"https://www.quick.fr/mealImages/menus/list/menu_945.jpg","image/jpeg","15735","1","Indexable","",""
"https://www.quick.fr/mealImages/menus/list/menu_963.jpg","image/jpeg","12530","1","Indexable","",""
"https://www.quick.fr/mealImages/menus/list/menu_601.jpg","image/jpeg","12470","1","Indexable","",""
"https://www.quick.fr/mealImages/menus/list/menu_582.jpg","image/jpeg","14410","1","Indexable","",""
"https://www.quick.fr/mealImages/menus/list/menu_912.jpg","image/jpeg","15232","1","Indexable","",""
"https://www.quick.fr/mealImages/menus/list/menu_603.jpg","image/jpeg","11775","1","Indexable","",""
"https://www.quick.fr/mealImages/menus/list/menu_985.jpg","image/jpeg","15915","1","Indexable","",""
"https://www.quick.fr/mealImages/menus/list/menu_607.jpg","image/jpeg","12515","1","Indexable","",""
"https://www.quick.fr/mealImages/menus/list/menu_548.jpg","image/jpeg","15301","1","Indexable","",""
"https://www.quick.fr/mealImages/menus/list/menu_544.jpg","image/jpeg","15634","1","Indexable","",""
"https://www.quick.fr/mealImages/menus/list/menu_587.jpg","image/jpeg","15689","1","Indexable","",""
"https://www.quick.fr/mealImages/menus/list/menu_955.jpg","image/jpeg","15620","1","Indexable","",""
"https://www.quick.fr/mealImages/menus/list/menu_965.jpg","image/jpeg","12866","1","Indexable","",""
"https://www.quick.fr/mealImages/menus/list/menu_981.jpg","image/jpeg","25276","1","Indexable","",""
"https://www.quick.fr/mealImages/menus/list/menu_942.jpg","image/jpeg","18277","1","Indexable","",""
"https://www.quick.fr/mealImages/menus/list/menu_580.jpg","image/jpeg","15025","1","Indexable","",""
"https://www.quick.fr/mealImages/menus/list/menu_545.jpg","image/jpeg","13655","1","Indexable","",""
"https://www.quick.fr/mealImages/menus/list/menu_863.jpg","image/jpeg","15668","1","Indexable","",""
"https://www.quick.fr/mealImages/products/list/product_1069.jpg","image/jpeg","6368","1","Indexable","",""
"https://www.quick.fr/mealImages/menus/list/menu_956.jpg","image/jpeg","17396","1","Indexable","",""
"https://www.quick.fr/mealImages/products/list/product_826.jpg","image/jpeg","12369","1","Indexable","",""
"https://www.quick.fr/mealImages/products/list/product_1135.jpg","image/jpeg","6548","1","Indexable","",""
"https://www.quick.fr/mealImages/products/list/product_807.jpg","image/jpeg","9167","1","Indexable","",""
"https://www.quick.fr/mealImages/products/list/product_806.jpg","image/jpeg","8611","1","Indexable","",""
"https://www.quick.fr/mealImages/products/list/product_808.jpg","image/jpeg","7101","1","Indexable","",""
"https://www.quick.fr/mealImages/products/list/product_1061.jpg","image/jpeg","13736","1","Indexable","",""
"https://www.quick.fr/mealImages/products/list/product_809.jpg","image/jpeg","10479","1","Indexable","",""
"https://www.quick.fr/mealImages/products/list/product_804.jpg","image/jpeg","6211","1","Indexable","",""
"https://www.quick.fr/mealImages/products/list/product_805.jpg","image/jpeg","6645","1","Indexable","",""
"https://www.quick.fr/mealImages/products/list/product_1060.jpg","image/jpeg","11843","1","Indexable","",""
"https://www.quick.fr/mealImages/products/list/product_987.jpg","image/jpeg","4381","1","Indexable","",""
"https://www.quick.fr/mealImages/products/list/product_1231.jpg","image/jpeg","26440","1","Indexable","",""
"https://www.quick.fr/mealImages/products/list/product_1206.jpg","image/jpeg","17888","1","Indexable","",""
"https://www.quick.fr/mealImages/products/list/product_903.jpg","image/jpeg","8740","1","Indexable","",""
"https://www.quick.fr/mealImages/products/list/product_844.jpg","image/jpeg","17733","1","Indexable","",""
"https://www.quick.fr/mealImages/products/list/product_1109.jpg","image/jpeg","12231","1","Indexable","",""
"https://www.quick.fr/mealImages/products/list/product_847.jpg","image/jpeg","16091","1","Indexable","",""
"https://www.quick.fr/mealImages/products/list/product_843.jpg","image/jpeg","12501","1","Indexable","",""
"https://www.quick.fr/mealImages/products/list/product_852.jpg","image/jpeg","10166","1","Indexable","",""
"https://www.quick.fr/mealImages/products/list/product_724.jpg","image/jpeg","14205","1","Indexable","",""
"https://www.quick.fr/mealImages/products/list/product_1139.jpg","image/jpeg","8039","1","Indexable","",""
"https://www.quick.fr/mealImages/products/list/product_1232.jpg","image/jpeg","26553","1","Indexable","",""
"https://www.quick.fr/mealImages/products/list/product_1208.jpg","image/jpeg","13257","1","Indexable","",""
"https://www.quick.fr/mealImages/products/list/product_794.png","image/png","180895","1","Indexable","",""
"https://www.quick.fr/mealImages/products/list/product_851.jpg","image/jpeg","7428","1","Indexable","",""
"https://www.quick.fr/mealImages/products/list/product_831.png","image/png","149009","1","Indexable","",""
"https://www.quick.fr/mealImages/products/list/product_792.png","image/png","104058","1","Indexable","",""
"https://www.quick.fr/mealImages/products/list/product_790.png","image/png","201022","1","Indexable","",""
"https://www.quick.fr/mealImages/products/list/product_787.png","image/png","113080","1","Indexable","",""
"https://www.quick.fr/mealImages/products/list/product_1163.png","image/png","50287","1","Indexable","",""
"https://www.quick.fr/mealImages/products/list/product_1127.png","image/png","69845","1","Indexable","",""
"https://www.quick.fr/mealImages/products/list/product_795.png","image/png","193304","1","Indexable","",""
"https://www.quick.fr/mealImages/products/list/product_793.png","image/png","99258","1","Indexable","",""
"https://www.quick.fr/mealImages/products/list/product_1162.png","image/png","50706","1","Indexable","",""
"https://www.quick.fr/mealImages/products/list/product_791.png","image/png","174173","1","Indexable","",""
"https://www.quick.fr/mealImages/products/list/product_832.png","image/png","162859","1","Indexable","",""
"https://www.quick.fr/mealImages/products/list/product_788.png","image/png","106163","1","Indexable","",""
"https://www.quick.fr/mealImages/products/list/product_920.jpg","image/jpeg","6830","1","Indexable","",""
"https://www.quick.fr/mealImages/products/list/product_734.jpg","image/jpeg","6784","1","Indexable","",""
"https://www.quick.fr/mealImages/products/list/product_738.jpg","image/jpeg","9285","1","Indexable","",""
"https://www.quick.fr/mealImages/products/list/product_732.jpg","image/jpeg","8629","1","Indexable","",""
"https://www.quick.fr/mealImages/products/list/product_740.jpg","image/jpeg","8220","1","Indexable","",""
"https://www.quick.fr/mealImages/products/list/product_1168.jpg","image/jpeg","7306","1","Indexable","",""
"https://www.quick.fr/mealImages/products/list/product_741.jpg","image/jpeg","8012","1","Indexable","",""
"https://www.quick.fr/mealImages/products/list/product_964.jpg","image/jpeg","6175","1","Indexable","",""
"https://www.quick.fr/mealImages/products/list/product_729.jpg","image/jpeg","9276","1","Indexable","",""
"https://www.quick.fr/mealImages/products/list/product_730.jpg","image/jpeg","9819","1","Indexable","",""
"https://www.quick.fr/mealImages/products/list/product_743.jpg","image/jpeg","6909","1","Indexable","",""
"https://www.quick.fr/mealImages/products/list/product_735.jpg","image/jpeg","10880","1","Indexable","",""
"https://www.quick.fr/mealImages/products/list/product_1167.jpg","image/jpeg","6081","1","Indexable","",""
"https://www.quick.fr/mealImages/products/list/product_737.jpg","image/jpeg","8128","1","Indexable","",""
"https://www.quick.fr/mealImages/products/list/product_1169.jpg","image/jpeg","7351","1","Indexable","",""
"https://www.quick.fr/mealImages/products/list/product_739.jpg","image/jpeg","9969","1","Indexable","",""
"https://www.quick.fr/mealImages/products/list/product_742.jpg","image/jpeg","7876","1","Indexable","",""
"https://www.quick.fr/mealImages/products/list/product_921.jpg","image/jpeg","7416","1","Indexable","",""
"https://www.quick.fr/mealImages/products/list/product_733.jpg","image/jpeg","8582","1","Indexable","",""
"https://www.quick.fr/mealImages/products/list/product_731.jpg","image/jpeg","7977","1","Indexable","",""
"https://www.quick.fr/mealImages/products/list/product_1106.jpg","image/jpeg","9765","1","Indexable","",""
"https://www.quick.fr/mealImages/products/list/product_965.jpg","image/jpeg","6944","1","Indexable","",""
"https://www.quick.fr/mealImages/products/list/product_922.jpg","image/jpeg","6302","1","Indexable","",""
"https://www.quick.fr/mealImages/products/list/product_736.jpg","image/jpeg","10948","1","Indexable","",""
"https://www.quick.fr/mealImages/products/list/product_1233.jpg","image/jpeg","12658","1","Indexable","",""
"https://www.quick.fr/mealImages/products/list/product_771.jpg","image/jpeg","7823","1","Indexable","",""
"https://www.quick.fr/mealImages/products/list/product_772.jpg","image/jpeg","8219","1","Indexable","",""
"https://www.quick.fr/mealImages/products/list/product_1234.jpg","image/jpeg","13133","1","Indexable","",""
"https://www.quick.fr/mealImages/products/list/product_769.jpg","image/jpeg","9372","1","Indexable","",""
"https://www.quick.fr/mealImages/products/list/product_768.jpg","image/jpeg","7717","1","Indexable","",""
"https://www.quick.fr/mealImages/products/list/product_766.jpg","image/jpeg","8675","1","Indexable","",""
"https://www.quick.fr/mealImages/products/list/product_721.jpg","image/jpeg","11473","1","Indexable","",""
"https://www.quick.fr/mealImages/products/list/product_829.jpg","image/jpeg","11859","1","Indexable","",""
"https://www.quick.fr/mealImages/products/list/product_767.jpg","image/jpeg","8644","1","Indexable","",""
"https://www.quick.fr/mealImages/products/list/product_1166.jpg","image/jpeg","10583","1","Indexable","",""
"https://www.quick.fr/mealImages/products/list/product_1207.jpg","image/jpeg","15667","1","Indexable","",""
"https://www.quick.fr/mealImages/products/list/product_1209.jpg","image/jpeg","17532","1","Indexable","",""
"https://www.quick.fr/mealImages/products/list/product_834.jpg","image/jpeg","6943","1","Indexable","",""
"https://www.quick.fr/mealImages/products/list/product_1216.jpg","image/jpeg","11370","1","Indexable","",""
"https://www.quick.fr/mealImages/products/list/product_848.jpg","image/jpeg","12732","1","Indexable","",""
"https://www.quick.fr/mealImages/products/list/product_845.jpg","image/jpeg","16808","1","Indexable","",""
"https://www.quick.fr/mealImages/products/list/product_839.jpg","image/jpeg","11573","1","Indexable","",""
"https://www.quick.fr/_next/static/images/quick-single-restaurant-a10cee52fc2710a3f4ec0cd7030994ff.jpg","image/jpeg","56218","189","Indexable","",""
